{"options": {"demand_modifier": null, "list_scenarios": false, "output": "results.json", "plot": false, "reliability_std": 0.002, "reserves": 0, "supply_scenario": "re100SWHB4", "carbon_price": 0, "costs": "GenCost2022-in2030-NZE2050", "ccs_storage_costs": 27.0, "coal_price": 1.86, "gas_price": 12.0, "discount_rate": 0.05, "bioenergy_limit": 20.0, "emissions_limit": Infinity, "fossil_limit": 1.0, "hydro_limit": 12.0, "min_regional_generation": 0.0, "nsp_limit": 1.0, "lambda_": null, "ncpus": 0, "seed": 24686, "sigma": 2.0, "generations": 200, "trace_file": null, "verbose": false}, "parameters": [10.064335024140716, 0, 0, 6.403369797985966, 3.605772768204925, 0, 0, 0, 2.441406297067542, 4.368064156718179, 3.197694293478216, 13.505061468092034, 0, 0, 0, 0, 0, 0, 0.027092321146105602, 2.4873162031320875, 0, 0, 0, 1.015928360156375, 0, 0, 0, 0.3553049135756312, 1.9559154687231723, 0, 0, 0, 0, 5.763143104520286, 0, 5.699197863195896, 0, 0, 0, 0.787133878033853, 0, 0, 0, 2.7850569732303962, 16.812706486250264, 0, 0, 1.40438514873883, 5.479503348365553, 0, 0.2296130378676422, 3.2177845400354537, 6.714337365708464, 3.9241835535364116, 4.605784227040815, 0, 3.6568899955800322, 0, 2.52805465287624, 0, 3.811299069198962, 0, 0, 13.543837290139372, 10.179928921270212, 10.827422319298805, 5.072655630398829, 0, 0, 0, 3.044652045715012, 0, 12.146285773754169, 0, 0, 14.670812397630407, 0, 3.929347439989899, 0, 3.1634478425521277, 0, 9.943406829672305, 2.2798313569798636, 1.774194480725164, 0, 3.226406052943877, 0, 3.8029494925771576, 0, 1.6140706839145231, 18.339837497768766, 8.795637741756462, 20.126248059971665, 0, 4.361730138124079, 13.878301662644427, 10.28547996073834, 5.970490741957278, 4.224789747724016, 14.616497863560902, 19.736601152243203, 2.0310160421007177], "score": 57.90131311915656, "penalty": 0.0, "constraints_violated": []}