{"options": {"demand_modifier": null, "list_scenarios": false, "output": "results.json", "plot": false, "reliability_std": 0.002, "reserves": 0, "supply_scenario": "re100SWH", "carbon_price": 25, "costs": "GenCost2022-in2030-NZE2050", "ccs_storage_costs": 27.0, "coal_price": 1.86, "gas_price": 11.0, "discount_rate": 0.05, "bioenergy_limit": 20.0, "emissions_limit": Infinity, "fossil_limit": 1.0, "hydro_limit": 12.0, "min_regional_generation": 0.0, "nsp_limit": 1.0, "lambda_": null, "seed": 24686, "sigma": 2.0, "generations": 200, "trace_file": null, "verbose": false}, "parameters": [0, 0, 0, 7.4593006667326875, 0, 0, 0, 0, 0, 0, 0, 17.663711652846246, 0, 0, 0, 0, 0, 11.44544554129377, 0, 0, 0, 0, 0, 0, 0, 0, 0, 0, 0, 0, 0, 0, 0, 0, 0, 0, 0, 0, 0, 0, 0, 0, 0, 35.29959202354051, 8.470894422513172, 0, 0, 0, 15.872158267280456, 18.00832057936851, 0, 0, 6.175305218452353, 0, 30.546565205714945, 0, 18.500081450278753, 0, 14.172206581506757, 0, 0, 0, 5.839573532876009, 0, 0, 9.97045080868286, 0, 18.238677997693372, 12.690340868563876, 0, 0, 17.910724364966494, 10.213599583244518, 1.036542174281453, 0, 17.98877762362254, 0, 1.4214541784318038, 0, 25.82894378248507, 0, 16.12579049753981, 0, 10.793664458367985, 0, 13.305075368529153, 27.861998870747573, 6.39900451427012, 0, 10.080158879732805, 6.285430442423542, 12.020724458858206, 12.552491476150296, 16.09113894365444, 17.66160988288997, 7.085187514634439, 9.364424060216628, 9.118724130316933], "score": 91.43211140260944, "penalty": 0.20679287019868067, "constraints_violated": ["unserved"]}