{"options": {"demand_modifier": null, "list_scenarios": false, "output": "results.json", "plot": false, "reliability_std": 0.002, "reserves": 0, "supply_scenario": "re100SWH_batteries", "carbon_price": 25, "costs": "GenCost2022-in2021", "ccs_storage_costs": 27.0, "coal_price": 1.86, "gas_price": 11.0, "discount_rate": 0.05, "bioenergy_limit": 20.0, "emissions_limit": Infinity, "fossil_limit": 1.0, "hydro_limit": 12.0, "min_regional_generation": 0.0, "nsp_limit": 1.0, "lambda_": null, "seed": 12346, "sigma": 2.0, "generations": 100, "trace_file": null, "verbose": false}, "parameters": [11.244381859316292, 18.796286450219267, 12.088640193702952, 6.036891532876423, 14.342184173720884, 19.52862848355774, 0, 8.865879602629835, 13.757748360906888, 0, 4.651839537172041, 17.66569462839297, 0, 0, 12.218136610033385, 0, 0, 14.332080921697381, 0, 0, 3.2805436576314104, 0, 3.583515416979184, 0, 0, 0, 0, 0, 10.384086599320392, 0, 0, 13.914042868715217, 0, 0, 0, 0, 3.9866390133407235, 4.0545201932884805, 6.814969508877116, 9.990060844089545, 0.31904130862613955, 9.088363383903657, 3.8038518324220223, 13.190021658129899, 4.505077830811544, 10.919347449895554, 17.9426605097429, 0, 8.891528055042818, 13.562709318499595, 29.984654485029928, 0, 5.0842369974277615, 17.47804844646247, 1.3596067907525584, 8.766628942260215, 14.040486214662643, 8.656673951163201, 0, 16.995072106299062, 26.80296002478164, 0, 0.5688726817465637, 0, 11.47327505419902, 13.125924553486488, 0, 20.4560762371484, 11.064909283256922, 7.952338413713023, 19.611454142988123], "score": 102.22568711515295, "penalty": 0.0, "constraints_violated": []}