{"options": {"demand_modifier": null, "list_scenarios": false, "output": "results.json", "plot": false, "reliability_std": 0.002, "reserves": 0, "supply_scenario": "re100SWHB4G", "carbon_price": 0, "costs": "GenCost2022-in2030-NZE2050", "ccs_storage_costs": 27.0, "coal_price": 1.86, "gas_price": 12.0, "discount_rate": 0.05, "bioenergy_limit": 20.0, "emissions_limit": Infinity, "fossil_limit": 1.0, "hydro_limit": 12.0, "min_regional_generation": 0.0, "nsp_limit": 1.0, "lambda_": null, "ncpus": 0, "seed": 24686, "sigma": 2.0, "generations": 200, "trace_file": null, "verbose": false}, "parameters": [19.95124774468224, 0, 0, 0, 0, 0, 0, 0, 4.323564386435304, 16.927086231549808, 0, 11.394331870596725, 1.4746070891204823, 0, 0.5731487388290797, 0, 0, 0, 2.8706856146866317, 0, 0, 0, 0, 0, 0, 0, 0, 0, 0, 0, 0, 0, 0, 0, 0, 0, 0, 0, 0, 0, 0, 0, 0, 0, 0, 0, 0, 0, 0, 0, 0, 0, 6.598168547003931, 9.221690948590844, 11.440745125300886, 0, 5.113730760808582, 0, 0, 0, 6.62063174768491, 0.2266743734912537, 0, 0, 2.2070251736779936, 4.683993020506349, 0, 0, 0, 0, 0, 0, 0, 0, 0, 7.868089091134123, 0, 11.915221593763164, 0.620091878777892, 0, 0, 18.34253668845865, 0, 0, 0, 0, 1.6719459603692286, 4.846632695670357, 1.1457600728859676, 3.5440956879766645, 1.7557397380564976, 29.46133929884064, 4.292709823609477, 4.0730106320274535, 9.233999002999314, 7.495167515215306, 5.754388696076333, 3.8736898877569255, 0.2418593913372879, 0, 0, 15.859523863139678], "score": 44.5307920507703, "penalty": 7.267884137265307e-09, "constraints_violated": ["unserved"]}